image,SLICE,a1_matched,a2_missed,a3_spurious,Lg,Lp,IoU,precision,area_G,area_P
CF_004.png,0.8616,523,36,48,559,571,0.4935,0.5218,2017,3482
CF_020.png,0.8062,466,112,0,578,466,0.4754,0.5677,1919,2519
CF_040.png,0.5319,442,327,62,769,504,0.3435,0.5040,2326,2395
CF_044.png,0.4903,506,459,67,965,573,0.3374,0.4547,2089,2604
CF_060.png,0.7086,501,206,0,707,501,0.4401,0.6166,2684,2637
CF_061.png,0.9092,571,51,6,622,577,0.4127,0.4270,1732,3752
CF_062.png,0.9437,503,25,5,528,508,0.4229,0.4339,1334,2899
CF_088.png,0.9247,516,32,10,548,526,0.5520,0.5812,1831,2887
CF_106.png,0.6542,420,206,16,626,436,0.3751,0.4967,1618,1971
CF_113.png,0.7388,413,146,0,559,413,0.4344,0.5574,1633,1943
POOLED,0.7282,4861,1600,214,6461,5075,0.4278,0.5118,19183,27089
